,Brand,Model,Case Material,Strap Material,Movement Type,Water Resistance,Case Diameter (mm),Case Thickness (mm),Band Width (mm),Dial Color,Crystal Material,Complications,Power Reserve,Price (USD)
0,Rolex,Submariner,Stainless Steel,Stainless Steel,Automatic,300 meters,40.0,13.0,20.0,Black,Sapphire,Date,48 hours,"9,500"
1,Omega,Seamaster,Titanium,Rubber,Automatic,600 meters,43.5,14.47,21.0,Blue,Sapphire,Date,60 hours,"5,800"
2,Tag Heuer,Carrera,Stainless Steel,Leather,Automatic,100 meters,41.0,13.0,20.0,White,Sapphire,Chronograph,42 hours,"4,200"
3,Breitling,Navitimer,Stainless Steel,Stainless Steel,Automatic,30 meters,43.0,14.25,22.0,Black,Sapphire,Chronograph,70 hours,"7,900"
4,Cartier,Tank Solo,Stainless Steel,Leather,Quartz,30 meters,31.0,6.05,20.0,Silver,Sapphire,,,"2,800"
5,Jaeger-LeCoultre,Reverso,Stainless Steel,Leather,Manual,30 meters,42.9,9.2,20.0,Black,Sapphire,,45 hours,"5,500"
6,Seiko,Prospex,Stainless Steel,Rubber,Automatic,200 meters,44.3,12.9,20.0,Black,Sapphire,Date,50 hours,"1,400"
7,Citizen,Promaster,Stainless Steel,Stainless Steel,Eco-Drive,200 meters,42.0,13.0,22.0,Black,Mineral,Chronograph,270 days,"1,200"
8,Tissot,Le Locle,Stainless Steel,Leather,Automatic,30 meters,39.3,9.75,19.0,White,Sapphire,Date,38 hours,650
9,Hamilton,Khaki Field,Stainless Steel,Leather,Automatic,100 meters,38.0,9.8,20.0,Black,Sapphire,,80 hours,495
10,Longines,Master Collection,Stainless Steel,Leather,Automatic,30 meters,38.5,9.7,20.0,Silver,Sapphire,Date,64 hours,"1,150"
11,Oris,Big Crown ProPilot,Stainless Steel,Textile,Automatic,100 meters,41.0,12.0,20.0,Black,Sapphire,"Date, GMT",38 hours,"1,800"
12,Bell & Ross,Aviation,Stainless Steel,Rubber,Automatic,100 meters,42.0,11.5,24.0,Black,Sapphire,Chronograph,42 hours,"4,500"
13,Sinn,104,Stainless Steel,Leather,Automatic,200 meters,41.0,11.5,20.0,Black,Sapphire,Date,42 hours,"1,400"
14,Breguet,Classique,18k White Gold,Leather,Manual,30 meters,38.0,8.65,20.0,Silver,Sapphire,,40 hours,"16,000"
15,Audemars Piguet,Royal Oak,Stainless Steel,Stainless Steel,Automatic,50 meters,41.0,9.8,20.0,Silver,Sapphire,Date,60 hours,"22,000"
16,Vacheron Constantin,Overseas,Stainless Steel,Rubber,Automatic,150 meters,41.0,11.0,22.0,Blue,Sapphire,Date,40 hours,"19,000"
17,Omega,Speedmaster,Stainless Steel,Stainless Steel,Automatic,50 meters,42.0,14.5,20.0,Black,Sapphire,"Chronograph, Tachymeter",60 hours,"4,500"
18,Breitling,Superocean,Stainless Steel,Rubber,Automatic,500 meters,42.0,13.3,20.0,Blue,Sapphire,Date,38 hours,"3,200"
19,Panerai,Luminor Base Logo,Stainless Steel,Leather,Manual,100 meters,44.0,10.5,22.0,Black,Sapphire,,56 hours,"3,900"
20,Tudor,Black Bay,Stainless Steel,Leather,Automatic,200 meters,41.0,11.9,22.0,Black,Sapphire,,70 hours,"3,500"
21,Rolex,GMT-Master II,Stainless Steel,Stainless Steel,Automatic,100 meters,40.0,12.5,20.0,Black,Sapphire,GMT,48 hours,"14,000"
22,IWC,Pilot's Watch,Stainless Steel,Leather,Automatic,60 meters,41.0,12.5,20.0,Black,Sapphire,Date,42 hours,"4,800"
23,Jaeger-LeCoultre,Master Ultra Thin,Stainless Steel,Leather,Automatic,50 meters,39.0,7.58,20.0,Silver,Sapphire,,70 hours,"7,500"
24,Bell & Ross,BR 03-92,Ceramic,Rubber,Automatic,100 meters,42.0,9.3,22.0,Black,Sapphire,,"4,200",
25,Montblanc,1858 Geosphere,Stainless Steel,Leather,Automatic,100 meters,42.0,11.2,22.0,Black,Sapphire,"World Time, GMT",42 hours,"6,200"
26,Cartier,Santos-Dumont,Stainless Steel,Leather,Quartz,30 meters,38.0,7.5,18.0,Silver,Sapphire,,,"3,500"
27,Audemars Piguet,Royal Oak,Stainless Steel,Stainless Steel,Automatic,50 meters,41.0,10.4,20.0,Black,Sapphire,Date,60 hours,"21,000"
28,Rolex,Datejust,Stainless Steel,Jubilee,Automatic,100 meters,36.0,12.0,20.0,Silver,Sapphire,Date,70 hours,"9,000"
29,Omega,Speedmaster Moonwatch,Stainless Steel,Stainless Steel,Manual,50 meters,42.0,14.3,20.0,Black,Hesalite,"Chronograph, Tachymeter",48 hours,"5,250"
30,IWC,Portugieser,Stainless Steel,Alligator,Automatic,30 meters,40.4,12.3,20.0,Silver,Sapphire,Date,60 hours,"8,800"
31,Audemars Piguet,Royal Oak,Stainless Steel,Stainless Steel,Automatic,50 meters,41.0,10.4,20.0,Black,Sapphire,Date,60 hours,"17,800"
32,Blancpain,Fifty Fathoms,Stainless Steel,Canvas,Automatic,300 meters,45.0,15.4,23.0,Black,Sapphire,Date,120 hours,"11,500"
33,Zenith,El Primero,Stainless Steel,Alligator,Automatic,100 meters,42.0,12.75,20.0,Silver,Sapphire,Chronograph,50 hours,"6,500"
34,Breguet,Classique,18K Rose Gold,Leather,Automatic,30 meters,39.0,8.65,20.0,Silver,Sapphire,,45 hours,"23,500"
35,Piaget,Polo S,Stainless Steel,Stainless Steel,Automatic,100 meters,42.0,9.4,24.0,Blue,Sapphire,Date,50 hours,"10,000"
36,Ulysse Nardin,Marine,Stainless Steel,Rubber,Automatic,100 meters,44.0,12.5,22.0,Blue,Sapphire,Date,60 hours,"9,500"
37,Vacheron Constantin,Overseas,Stainless Steel,Stainless Steel,Automatic,150 meters,41.0,11.0,20.0,Silver,Sapphire,Date,60 hours,"21,500"
38,Jaquet Droz,Grande Seconde,Stainless Steel,Leather,Automatic,30 meters,43.0,12.27,23.0,Black,Sapphire,,68 hours,"9,800"
39,Audemars Piguet,Royal Oak,Stainless Steel,Stainless Steel,Automatic,50 meters,41.0,10.4,20.0,Blue,Sapphire,Date,60 hours,"19,900"
40,Blancpain,Fifty Fathoms,Stainless Steel,Canvas,Automatic,300 meters,45.0,15.5,22.0,Black,Sapphire,Date,120 hours,"14,400"
41,Breguet,Type XXI,Stainless Steel,Leather,Automatic,100 meters,42.0,13.85,22.0,Silver,Sapphire,Chronograph,48 hours,"9,500"
42,Bulgari,Octo Finissimo,Titanium,Leather,Automatic,100 meters,40.0,5.15,28.0,Black,Sapphire,,60 hours,"12,800"
43,Chopard,Mille Miglia,Stainless Steel,Leather,Automatic,50 meters,44.0,13.7,20.0,Black,Sapphire,Chronograph,42 hours,"6,500"
44,Girard-Perregaux,Laureato,Stainless Steel,Stainless Steel,Automatic,100 meters,42.0,10.88,20.0,Blue,Sapphire,,54 hours,"7,800"
45,Glash√ºtte Original,Senator,Stainless Steel,Leather,Automatic,50 meters,42.0,12.2,21.0,Silver,Sapphire,,40 hours,"9,200"
46,Hublot,Classic Fusion,Titanium,Rubber,Automatic,50 meters,42.0,9.3,20.0,Black,Sapphire,,42 hours,"6,500"
47,IWC,Portugieser,Stainless Steel,Leather,Automatic,30 meters,41.0,12.3,22.0,Silver,Sapphire,,60 hours,"8,400"
48,Jaquet Droz,Grande Seconde,Stainless Steel,Leather,Automatic,30 meters,43.0,12.13,23.0,Silver,Sapphire,,68 hours,"6,200"
49,Longines,Master Collection,Stainless Steel,Leather,Automatic,30 meters,38.5,9.3,20.0,Blue,Sapphire,Date,42 hours,"1,600"
50,Patek Philippe,Nautilus,Stainless Steel,Stainless Steel,Automatic,120 meters,40.5,8.3,20.0,Blue,Sapphire,Date,45 hours,"29,800"
51,Audemars Piguet,Royal Oak,Stainless Steel,Stainless Steel,Automatic,50 meters,41.0,9.8,20.0,Blue,Sapphire,Date,60 hours,"24,500"
52,IWC,Portugieser,Stainless Steel,Leather,Automatic,30 meters,41.0,12.3,22.0,Silver,Sapphire,,60 hours,"7,950"
53,Hublot,Classic Fusion,Titanium,Rubber,Automatic,50 meters,42.0,10.5,22.0,Black,Sapphire,,42 hours,"8,200"
54,Blancpain,Fifty Fathoms,Stainless Steel,Canvas,Automatic,300 meters,45.0,15.4,23.0,Black,Sapphire,Date,120 hours,"11,500"
55,Zenith,Chronomaster,Stainless Steel,Leather,Automatic,100 meters,42.0,13.1,22.0,Silver,Sapphire,Chronograph,50 hours,"9,400"
56,Girard-Perregaux,Laureato,Stainless Steel,Stainless Steel,Automatic,100 meters,38.0,10.88,25.0,Blue,Sapphire,,54 hours,"6,700"
57,Chopard,Mille Miglia,Stainless Steel,Leather,Automatic,50 meters,42.0,11.43,20.0,Black,Sapphire,Chronograph,42 hours,"6,100"
58,Vacheron Constantin,Overseas,Stainless Steel,Stainless Steel,Automatic,150 meters,41.0,11.0,22.0,Blue,Sapphire,Date,60 hours,"16,300"
59,Montblanc,1858,Stainless Steel,Leather,Automatic,100 meters,42.0,12.8,22.0,Black,Sapphire,,38 hours,"3,600"
60,Ulysse Nardin,Marine,Stainless Steel,Rubber,Automatic,300 meters,44.0,12.5,22.0,Black,Sapphire,Date,60 hours,"9,500"
61,Rolex,Datejust,Stainless Steel,Stainless Steel,Automatic,100 meters,41.0,11.2,20.0,Silver,Sapphire,Date,70 hours,"8,900"
62,Patek Philippe,Nautilus,Stainless Steel,Stainless Steel,Automatic,120 meters,40.8,8.3,20.0,Blue,Sapphire,"Date, Moon Phase",48 hours,"44,500"
63,Audemars Piguet,Royal Oak,Stainless Steel,Stainless Steel,Automatic,50 meters,41.0,10.4,20.0,Blue,Sapphire,Date,60 hours,"17,000"
64,Tudor,Black Bay,Stainless Steel,Fabric,Automatic,200 meters,41.0,12.7,22.0,Black,Sapphire,,70 hours,"4,500"
65,IWC,Portugieser,Stainless Steel,Leather,Automatic,30 meters,41.0,12.3,22.0,Silver,Sapphire,"Chronograph, Date",46 hours,"8,300"
66,Panerai,Luminor Marina,Stainless Steel,Leather,Automatic,300 meters,44.0,13.05,24.0,Black,Sapphire,"Date, Second Time Zone",72 hours,"8,900"
67,Blancpain,Fifty Fathoms,Stainless Steel,Fabric,Automatic,300 meters,43.6,13.83,23.0,Black,Sapphire,"Date, Unidirectional Bezel",120 hours,"12,000"
68,Hublot,Classic Fusion,Titanium,Rubber,Automatic,50 meters,45.0,10.95,24.0,Blue,Sapphire,Date,42 hours,"7,500"
69,Zenith,Chronomaster,Stainless Steel,Leather,Automatic,50 meters,42.0,14.05,22.0,Silver,Sapphire,"Chronograph, Date",50 hours,"6,900"
70,Vacheron Constantin,Overseas,Stainless Steel,Stainless Steel,Automatic,50 meters,41.0,11.0,20.0,Blue,Sapphire,"Date, Second Time Zone",60 hours,"15,500"
71,Girard-Perregaux,Laureato,Stainless Steel,Stainless Steel,Automatic,100 meters,42.0,10.88,22.0,Black,Sapphire,,54 hours,"11,200"
72,Audemars Piguet,Royal Oak,Stainless Steel,Stainless Steel,Automatic,50 meters,39.0,9.4,20.0,Blue,Sapphire,"Date, Power Reserve Indicator",60 hours,"18,900"
73,Patek Philippe,Nautilus,Stainless Steel,Stainless Steel,Automatic,120 meters,40.5,8.3,20.0,Blue,Sapphire,Date,45 hours,"49,800"
74,IWC,Pilot's Watch,Stainless Steel,Leather,Automatic,60 meters,41.0,12.5,20.0,Black,Sapphire,"Date, Chronograph",44 hours,"5,500"
75,Panerai,Luminor,Titanium,Rubber,Automatic,300 meters,44.0,15.65,24.0,Black,Sapphire,Date,72 hours,"9,600"
76,Breguet,Type XX,Stainless Steel,Leather,Automatic,100 meters,39.5,14.1,20.0,Black,Sapphire,"Date, Chronograph, Flyback",48 hours,"8,800"
77,Blancpain,Fifty Fathoms,Stainless Steel,Rubber,Automatic,300 meters,43.0,13.4,23.0,Black,Sapphire,Date,120 hours,"14,700"
78,Girard-Perregaux,Laureato,Stainless Steel,Stainless Steel,Automatic,100 meters,42.0,10.88,22.0,Blue,Sapphire,Date,54 hours,"10,600"
79,Vacheron Constantin,Overseas,Stainless Steel,Stainless Steel,Automatic,150 meters,41.0,11.0,20.0,Black,Sapphire,Date,60 hours,"19,200"
80,Zenith,El Primero,Stainless Steel,Leather,Automatic,100 meters,38.0,12.15,19.0,Silver,Sapphire,Chronograph,50 hours,"7,500"
81,Chopard,Mille Miglia,Stainless Steel,Leather,Automatic,50 meters,42.0,12.67,20.0,Black,Sapphire,Chronograph,48 hours,"5,600"
82,Longines,HydroConquest,Stainless Steel,Stainless Steel,Automatic,300 meters,43.0,12.75,22.0,Blue,Sapphire,Date,64 hours,"1,400"
83,Rolex,Submariner,Stainless Steel,Stainless Steel,Automatic,300 meters,40.0,13.0,20.0,Black,Sapphire,Date,48 hours,"9,500"
84,Omega,Seamaster,Titanium,Rubber,Automatic,600 meters,43.5,14.47,21.0,Blue,Sapphire,Date,60 hours,"5,800"
85,Tag Heuer,Carrera,Stainless Steel,Leather,Automatic,100 meters,41.0,13.0,20.0,White,Sapphire,Chronograph,42 hours,"4,200"
86,Breitling,Navitimer,Stainless Steel,Stainless Steel,Automatic,30 meters,43.0,14.25,22.0,Black,Sapphire,Chronograph,70 hours,"7,900"
87,Cartier,Tank Solo,Stainless Steel,Leather,Quartz,30 meters,31.0,6.05,20.0,Silver,Sapphire,,,"2,800"
88,Jaeger-LeCoultre,Reverso,Stainless Steel,Leather,Manual,30 meters,42.9,9.2,20.0,Black,Sapphire,,45 hours,"5,500"
89,Tudor,Black Bay,Stainless Steel,Leather,Automatic,200 meters,41.0,12.75,22.0,Black,Sapphire,Date,70 hours,"3,500"
90,Seiko,Prospex,Stainless Steel,Silicone,Automatic,200 meters,42.3,13.4,22.0,Blue,Hardlex,,50 hours,650
91,Citizen,Promaster,Titanium,Titanium,Eco-Drive,200 meters,46.5,15.0,23.0,Black,Sapphire,Chronograph,210 days,995
92,Hamilton,Khaki Field Auto,Stainless Steel,Leather,Automatic,100 meters,38.0,9.85,20.0,Black,Sapphire,,80 hours,545
93,Bulova,Precisionist,Stainless Steel,Stainless Steel,Quartz,300 meters,46.5,17.5,24.0,Black,Mineral,Chronograph,,650
94,Omega,Speedmaster,Stainless Steel,Stainless Steel,Manual,50 meters,42.0,14.3,20.0,Black,Hesalite,"Chronograph, Tachymeter",48 hours,"5,500"
95,Breitling,Superocean Heritage,Stainless Steel,Rubber,Automatic,200 meters,42.0,14.35,22.0,Black,Sapphire,Date,38 hours,"4,800"
96,Jaeger-LeCoultre,Master Control,Stainless Steel,Leather,Automatic,50 meters,40.0,8.8,20.0,Silver,Sapphire,Date,70 hours,"6,500"
97,Cartier,Santos,Stainless Steel,Stainless Steel,Automatic,100 meters,39.8,9.08,21.5,Silver,Sapphire,Date,42 hours,"7,500"
98,Zenith,Elite,Stainless Steel,Leather,Automatic,50 meters,40.5,9.15,20.0,Silver,Sapphire,,50 hours,"4,500"
99,Panerai,Luminor Base,Stainless Steel,Leather,Manual,100 meters,44.0,10.5,24.0,Black,Sapphire,,56 hours,"5,800"
